<?xml version="1.0" encoding="UTF-8"?>
<!DOCTYPE hibernate-configuration PUBLIC "-//Hibernate/Hibernate Configuration DTD 3.0//EN" "http://hibernate.sourceforge.net/hibernate-configuration-3.0.dtd">
<hibernate-configuration>
  <session-factory>
    <property name="hibernate.dialect">org.hibernate.dialect.DerbyDialect</property>
    <property name="hibernate.connection.driver_class">org.apache.derby.jdbc.ClientDriver</property>
    <property name="hibernate.connection.url">jdbc:derby://localhost:1527/GLOBAL_MOVIES</property>
    <property name="hibernate.connection.username">GMDB</property>
    <property name="hibernate.connection.password">GMDB</property>
    <property name="hibernate.show_sql">true</property>
    <property name="hibernate.current_session_context_class">thread</property>
    <property name="hibernate.hbm2ddl.auto">update</property>
    <mapping class="com.uoc.hibernate.entity.Admin"/>
    <mapping class="com.uoc.hibernate.entity.Base"/>
    <mapping class="com.uoc.hibernate.entity.Movie"/>
    <mapping class="com.uoc.hibernate.entity.Review"/>
    <mapping class="com.uoc.hibernate.entity.Gener"/>
    <mapping class="com.uoc.hibernate.entity.User"/>
  </session-factory>
</hibernate-configuration>
